INSERT INTO Dia (nombre) VALUES 
('Domingo'),
('Lunes'),
('Martes'),
('Miércoles'),
('Jueves'),
('Viernes'),
('Sábado');

INSERT INTO Zona (nombre, area) VALUES 
('Zona Norte', 30.00),
('Zona Sur', 40.00),
('Zona Este', 20.00),
('Zona Oeste', 20.00),
('Zona Central', 50.00);

INSERT INTO TipoRecinto (nombre) VALUES 
('Establo'),
('Gallinero'),
('Apiario'),
('Porqueriza'),
('piscifactorías');

INSERT INTO Entidad (nombre) VALUES 
('Empleado'),
('Insumo'),
('Producto'),
('Animal'),
('Proveedor'),
('Orden de Compra'),
('Maquinaria'),
('Recinto'),
('Tarea'),
('Cultivo');

INSERT INTO Recinto (idTipoRecinto, idZona, nombre) VALUES 
(1, 1, 'Establo 1'),
(1, 2, 'Establo 2'),
(2, 3, 'Gallinero 1'),
(2, 4, 'Gallinero 2'),
(3, 5, 'Apiario 1'),
(4, 1, 'Porqueriza 1'),
(4, 2, 'Porqueriza 2'),
(1, 3, 'Establo 3'),
(1, 4, 'Establo 4'),
(1, 5, 'Establo 5'),
(1, 3, 'Gallinero Pequeño 1'),
(1, 4, 'Gallinero Pequeño 2'),
(1, 5, 'Gallinero Pequeño 3'),
(3, 5, 'Apiario 2'),
(3, 5, 'Apiario 3'),
(5, 3, 'Piscifactoría 1'),
(5, 3, 'Piscifactoría 2'),
(5, 2, 'Piscifactoría 3');

INSERT INTO TipoInsumo (nombre) VALUES 
('Alimento para animales'),
('Fertilizante'),
('Medicamentos'),
(''),
('Semillas');

INSERT INTO Insumo (nombre, stock, idTipoInsumo) VALUES
('Comida para vacas', 1000, 1),
('Comida para gallinas', 500, 1),
('Fertilizante orgánico', 300, 2),
('Antibióticos', 200, 3),
('Bulto de Semillas de maíz', 100, 5),
('Insecticida', 150, 2),
('Herbicida', 250, 2),
('Vacuna bovina', 500, 3),
('Vacuna aviar', 400, 3),
('Comida para ovejas', 600, 1),
('Comida para cerdos', 700, 1),
('Alimento para peces', 450, 1),
('Abono químico', 350, 2),
('Comida para caballos', 800, 1),
('Sueros', 150, 3),
('Pesticida natural', 120, 2),
('Compost', 180, 2),
('Antiinflamatorios', 90, 3),
('Hormonas de crecimiento', 130, 3),
('Bulto de Semillas de trigo', 200, 5),
('Antiparasitarios', 250, 3),
('Desinfectante', 200, 3),
('Fertilizante de nitrógeno', 130, 2),
('Repelente de plagas', 90, 2),
('Antibacterianos', 110, 3),
('Insecticida biológico', 220, 2),
('Bulto de Semillas de avena', 130, 5),
('Antifúngico', 90, 3),
('Bulto de Semillas de arroz', 300, 5),
('Desinfectante animal', 250, 3),
('Fertilizante potásico', 220, 2),
('Antimicrobianos', 150, 3),
('Herbicida ecológico', 180, 2),
('Antiséptico', 90, 3),
('Bulto de Semillas de soya', 180, 2),
('Bulto de Semillas de cebada', 180, 2),
('Bulto de Semillas de Algodón', 180, 2),
('Bulto de Semillas de Girasol', 180, 2),
('Bulto de Semillas de Papa', 180, 2),
('Bulto de Semillas de Remolacha', 180, 2),
('Bulto de Semillas de Café', 180, 2),
('Bulto de Semillas de Té', 180, 2),
('Bulto de Semillas de Cacao', 180, 2),
('Bulto de Semillas de Frijol', 180, 2),
('Bulto de Semillas de Maní', 180, 2),
('Bulto de Semillas de Trigo', 180, 2),
('Bulto de Semillas de Mijo', 180, 2),
('Bulto de Semillas de Sorgo', 180, 2),
('Bulto de Semillas de Arroz', 180, 2),
('Bulto de Semillas de Lenteja', 180, 2),
('Bulto de Semillas de Chía', 180, 2),
('Bulto de Semillas de Linaza', 180, 2),
('Bulto de Semillas de Garbanzos', 180, 2),
('Bulto de Semillas de Cebolla', 180, 2),
('Bulto de Semillas de Ajo', 180, 2),
('Bulto de Semillas de Zanahoria', 180, 2),
('Bulto de Semillas de Tomate', 180, 2),
('Bulto de Semillas de Pepino', 180, 2),
('Bulto de Semillas de Pimiento', 180, 2),
('Bulto de Semillas de Lechuga', 180, 2),
('Bulto de Semillas de Espinaca', 180, 2),
('Bulto de Semillas de Brócoli', 180, 2),
('Bulto de Semillas de Coliflor', 180, 2),
('Bulto de Semillas de Rábano', 180, 2),
('Bulto de Semillas de Cilantro', 180, 2),
('Bulto de Semillas de Perejil', 180, 2),
('Bulto de Semillas de Albahaca', 180, 2),
('Bulto de Semillas de Orégano', 180, 2),
('Bulto de Semillas de Menta', 180, 2),
('Bulto de Semillas de Romero', 180, 2),
('Bulto de Semillas de Tomillo', 180, 2),
('Bulto de Semillas de Lavanda', 180, 2),
('Bulto de Semillas de Manzanilla', 180, 2),
('Bulto de Semillas de Berenjena', 180, 2),
('Bulto de Semillas de Calabaza', 180, 2),
('Bulto de Semillas de Sandía', 180, 2),
('Bulto de Semillas de Melón', 180, 2),
('Bulto de Semillas de Uva', 180, 2);

INSERT INTO Proveedor (nombre, activo) VALUES
('Proveedor A', 'Activo'),
('Proveedor B', 'Activo'),
('Proveedor C', 'Inactivo'),
('Proveedor D', 'Activo'),
('Proveedor E', 'Activo'),
('Proveedor F', 'Inactivo'),
('Proveedor G', 'Activo'),
('Proveedor H', 'Activo'),
('Proveedor I', 'Inactivo'),
('Proveedor J', 'Activo'),
('Proveedor K', 'Activo'),
('Proveedor L', 'Inactivo'),
('Proveedor M', 'Activo'),
('Proveedor N', 'Activo'),
('Proveedor O', 'Inactivo'),
('Proveedor P', 'Activo'),
('Proveedor Q', 'Activo'),
('Proveedor R', 'Inactivo'),
('Proveedor S', 'Activo'),
('Proveedor T', 'Activo'),
('Proveedor U', 'Inactivo'),
('Proveedor V', 'Activo'),
('Proveedor W', 'Activo'),
('Proveedor X', 'Inactivo'),
('Proveedor Y', 'Activo'),
('Proveedor Z', 'Activo'),
('Proveedor AA', 'Inactivo'),
('Proveedor AB', 'Activo'),
('Proveedor AC', 'Activo'),
('Proveedor AD', 'Inactivo'),
('Proveedor AE', 'Activo'),
('Proveedor AF', 'Activo'),
('Proveedor AG', 'Inactivo'),
('Proveedor AH', 'Activo'),
('Proveedor AI', 'Activo'),
('Proveedor AJ', 'Inactivo'),
('Proveedor AK', 'Activo'),
('Proveedor AL', 'Activo'),
('Proveedor AM', 'Inactivo'),
('Proveedor AN', 'Activo'),
('Proveedor AO', 'Activo'),
('Proveedor AP', 'Inactivo'),
('Proveedor AQ', 'Activo'),
('Proveedor AR', 'Activo'),
('Proveedor AS', 'Inactivo'),
('Proveedor AT', 'Activo'),
('Proveedor AU', 'Activo'),
('Proveedor AV', 'Inactivo'),
('Proveedor AW', 'Activo'),
('Proveedor AX', 'Activo');


INSERT INTO InsumoXProveedor (idInsumo, idProveedor, costo) VALUES
(1, 23, 200000),
(2, 12, 150000),
(3, 45, 100000),
(4, 34, 50000),
(5, 29, 30000),
(6, 7, 180000),
(7, 14, 220000),
(8, 28, 90000),
(9, 39, 120000),
(10, 3, 250000),
(11, 19, 175000),
(12, 40, 130000),
(13, 5, 80000),
(14, 2, 90000),
(15, 37, 300000),
(16, 18, 200000),
(17, 25, 240000),
(18, 31, 70000),
(19, 13, 60000),
(20, 50, 350000),
(21, 4, 210000),
(22, 44, 150000),
(23, 8, 85000),
(24, 33, 95000),
(25, 11, 320000),
(26, 27, 195000),
(27, 6, 170000),
(28, 46, 92000),
(29, 30, 78000),
(30, 9, 270000),
(31, 16, 205000),
(32, 48, 190000),
(33, 22, 68000),
(34, 41, 71000),
(35, 10, 290000),
(36, 21, 215000),
(37, 15, 210000),
(38, 47, 96000),
(39, 36, 99000),
(40, 49, 310000),
(41, 24, 225000),
(42, 17, 230000),
(43, 43, 77000),
(44, 20, 88000),
(45, 26, 330000),
(46, 32, 235000),
(47, 38, 250000),
(48, 1, 81000),
(49, 35, 93000);

INSERT INTO OrdenCompra (fecha, total) VALUES 
('2024-10-01', 1500000),
('2024-10-02', 2000000),
('2024-10-03', 1800000),
('2024-10-04', 950000),
('2024-10-05', 800000),
('2024-10-06', 1750000),
('2024-10-07', 1200000),
('2024-10-08', 1600000),
('2024-10-09', 1450000),
('2024-10-10', 1200000),
('2024-10-11', 1150000),
('2024-10-12', 1350000),
('2024-10-13', 1300000),
('2024-10-14', 1100000),
('2024-10-15', 500000),
('2024-10-16', 2000000),
('2024-10-17', 850000),
('2024-10-18', 1650000),
('2024-10-19', 1900000),
('2024-10-20', 900000),
('2024-10-21', 1250000),
('2024-10-22', 1400000),
('2024-10-23', 1700000),
('2024-10-24', 1000000),
('2024-10-25', 1750000),
('2024-10-26', 1600000),
('2024-10-27', 1550000),
('2024-10-28', 1800000),
('2024-10-29', 1700000),
('2024-10-30', 1650000),
('2024-10-31', 1850000),
('2024-11-01', 1900000),
('2024-11-02', 2000000),
('2024-11-03', 2050000),
('2024-11-04', 2100000),
('2024-11-05', 2150000),
('2024-11-06', 2200000),
('2024-11-07', 2250000),
('2024-11-08', 2300000),
('2024-11-09', 2350000),
('2024-11-10', 2400000),
('2024-11-11', 2450000),
('2024-11-12', 2500000),
('2024-11-13', 2550000),
('2024-11-14', 2600000),
('2024-11-15', 2650000),
('2024-11-16', 2700000),
('2024-11-17', 2750000),
('2024-11-18', 2800000),
('2024-11-19', 2850000),
('2024-11-20', 2900000),
('2024-11-21', 2950000),
('2024-11-22', 3000000);

INSERT INTO InsumoXOrdenCompra (idInsumo, idOrdenCompra, cantidad) VALUES 
(1, 1, 5),
(2, 2, 10),
(3, 3, 15),
(4, 4, 7),
(5, 5, 8),
(1, 6, 3),
(2, 7, 4),
(3, 8, 6),
(4, 9, 2),
(5, 10, 9),
(6, 11, 7),
(7, 12, 3),
(8, 13, 5),
(9, 14, 8),
(10, 15, 4),
(11, 16, 10),
(12, 17, 6),
(13, 18, 2),
(14, 19, 3),
(15, 20, 1),
(16, 21, 5),
(17, 22, 7),
(18, 23, 9),
(19, 24, 4),
(20, 25, 8),
(21, 26, 6),
(22, 27, 3),
(23, 28, 10),
(24, 29, 5),
(25, 30, 8),
(26, 31, 7),
(27, 32, 2),
(28, 33, 3),
(29, 34, 6),
(30, 35, 1),
(31, 36, 5),
(32, 37, 7),
(33, 38, 9),
(34, 39, 4),
(35, 40, 8),
(36, 41, 3),
(37, 42, 6),
(38, 43, 2),
(39, 44, 10),
(40, 45, 5),
(41, 46, 8),
(42, 47, 7),
(43, 48, 3),
(44, 49, 6),
(45, 50, 4);

INSERT INTO OrdenCompraXProveedor (idOrdenCompra, idProveedor) VALUES 
(1, 23),
(2, 12),
(3, 45),
(4, 34),
(5, 29),
(6, 7),
(7, 14),
(8, 28),
(9, 39),
(10, 3),
(11, 19),
(12, 40),
(13, 5),
(14, 2),
(15, 37),
(16, 18),
(17, 25),
(18, 31),
(19, 13),
(20, 50),
(21, 4),
(22, 44),
(23, 8),
(24, 33),
(25, 11),
(26, 27),
(27, 6),
(28, 46),
(29, 30),
(30, 9),
(31, 16),
(32, 48),
(33, 22),
(34, 41),
(35, 10),
(36, 21),
(37, 15),
(38, 47),
(39, 36),
(40, 49),
(41, 24),
(42, 17),
(43, 43),
(44, 20),
(45, 26),
(46, 32),
(47, 38),
(48, 1),
(49, 35);

INSERT INTO TipoCultivo (nombre, inicioTemporada, finTemporada) VALUES
('Trigo', '2024-10-01', '2024-12-15'),
('Maíz', '2024-10-10', '2025-01-20'),
('Soya', '2024-10-15', '2025-01-30'),
('Cebada', '2024-10-20', '2025-02-10'),
('Arroz', '2024-10-25', '2025-03-01'),
('Caña de Azúcar', '2024-11-01', '2025-03-15'),
('Avena', '2024-11-05', '2025-02-20'),
('Algodón', '2024-11-10', '2025-03-25'),
('Girasol', '2024-11-15', '2025-04-05'),
('Papa', '2024-11-20', '2025-04-15'),
('Remolacha', '2024-11-25', '2025-05-01'),
('Café', '2024-12-01', '2025-06-15'),
('Té', '2024-12-05', '2025-06-20'),
('Cacao', '2024-12-10', '2025-07-01'),
('Frijol', '2024-12-15', '2025-05-15'),
('Maní', '2024-12-20', '2025-06-01'),
('Trigo Duro', '2025-01-01', '2025-04-15'),
('Mijo', '2025-01-05', '2025-06-10'),
('Sorgo', '2025-01-10', '2025-06-25'),
('Arroz de Riego', '2025-01-15', '2025-07-01'),
('Lenteja', '2025-01-20', '2025-05-25'),
('Chía', '2025-01-25', '2025-06-10'),
('Linaza', '2025-02-01', '2025-06-20'),
('Garbanzos', '2025-02-05', '2025-06-25'),
('Cebolla', '2025-02-10', '2025-07-01'),
('Ajo', '2025-02-15', '2025-07-15'),
('Zanahoria', '2025-02-20', '2025-07-30'),
('Tomate', '2025-02-25', '2025-08-15'),
('Pepino', '2025-03-01', '2025-08-25'),
('Pimiento', '2025-03-05', '2025-09-05'),
('Lechuga', '2025-03-10', '2025-09-20'),
('Espinaca', '2025-03-15', '2025-09-30'),
('Brócoli', '2025-03-20', '2025-10-10'),
('Coliflor', '2025-03-25', '2025-10-20'),
('Rábano', '2025-04-01', '2025-10-30'),
('Cilantro', '2025-04-05', '2025-11-10'),
('Perejil', '2025-04-10', '2025-11-20'),
('Albahaca', '2025-04-15', '2025-12-01'),
('Orégano', '2025-04-20', '2025-12-10'),
('Menta', '2025-04-25', '2025-12-20'),
('Romero', '2025-05-01', '2026-01-01'),
('Tomillo', '2025-05-05', '2026-01-10'),
('Lavanda', '2025-05-10', '2026-01-20'),
('Manzanilla', '2025-05-15', '2026-01-30'),
('Berenjena', '2025-05-20', '2026-02-10'),
('Calabaza', '2025-05-25', '2026-02-20'),
('Sandía', '2025-06-01', '2026-03-01'),
('Melón', '2025-06-05', '2026-03-10'),
('Uva', '2025-06-10', '2026-03-20');


INSERT INTO Cultivo (area, fechaSiembra, fechaCosecha, idTipoCultivo, idZona) VALUES
(1.5, '2024-10-01', '2024-12-15', 1, 1),  
(2.0, '2024-10-10', '2025-01-20', 2, 2),  
(0.75, '2024-10-15', '2025-01-30', 3, 3),  
(1.0, '2024-10-20', '2025-02-10', 4, 4),  
(2.5, '2024-10-25', '2025-03-01', 5, 5),  
(1.5, '2024-11-01', '2025-03-15', 6, 1),
(2.0, '2024-11-05', '2025-02-20', 7, 2),  
(1.25, '2024-11-10', '2025-03-25', 8, 3), 
(1.5, '2024-11-15', '2025-04-05', 9, 4),  
(3.0, '2024-11-20', '2025-04-15', 10, 5), 
(2.0, '2024-12-01', '2025-06-15', 11, 1), 
(3.0, '2024-12-05', '2025-06-20', 12, 2), 
(1.0, '2024-12-10', '2025-07-01', 13, 3), 
(0.75, '2024-12-15', '2025-05-15', 14, 4), 
(3.5, '2024-12-20', '2025-06-01', 15, 5), 
(1.25, '2025-01-01', '2025-04-15', 16, 1), 
(2.0, '2025-01-05', '2025-06-10', 17, 2),
(1.0, '2025-01-10', '2025-06-25', 18, 3), 
(1.5, '2025-01-15', '2025-07-01', 19, 4), 
(4.0, '2025-01-20', '2025-05-25', 20, 5),
(1.5, '2025-01-25', '2025-06-10', 21, 1), 
(2.5, '2025-02-01', '2025-06-20', 22, 2), 
(1.0, '2025-02-05', '2025-06-25', 23, 3), 
(1.25, '2025-02-10', '2025-07-01', 24, 4), 
(5.0, '2025-02-15', '2025-07-15', 25, 5), 
(2.0, '2025-02-20', '2025-07-30', 26, 1), 
(3.0, '2025-02-25', '2025-08-15', 27, 2), 
(1.5, '2025-03-01', '2025-08-25', 28, 3), 
(1.25, '2025-03-05', '2025-09-05', 29, 4), 
(6.0, '2025-03-10', '2025-09-20', 30, 5), 
(2.0, '2025-03-15', '2025-09-30', 31, 1), 
(3.5, '2025-03-20', '2025-10-10', 32, 2), 
(1.0, '2025-03-25', '2025-10-20', 33, 3), 
(1.25, '2025-04-01', '2025-10-30', 34, 4), 
(5.0, '2025-04-05', '2025-11-10', 35, 5), 
(1.5, '2025-04-10', '2025-11-20', 36, 1), 
(2.0, '2025-04-15', '2025-12-01', 37, 2), 
(1.0, '2025-04-20', '2025-12-10', 38, 3), 
(0.75, '2025-04-25', '2025-12-20', 39, 4), 
(6.0, '2025-05-01', '2026-01-01', 40, 5), 
(2.0, '2025-05-05', '2026-01-10', 41, 1), 
(3.0, '2025-05-10', '2026-01-20', 42, 2), 
(1.5, '2025-05-15', '2026-01-30', 43, 3), 
(1.0, '2025-05-20', '2026-02-10', 44, 4), 
(6.5, '2025-05-25', '2026-02-20', 45, 5),
(8.5, '2025-05-25', '2026-02-20', 46, 4),
(4.5, '2025-05-25', '2026-02-20', 47, 3),
(6.0, '2025-05-25', '2026-02-20', 48, 2),
(7.0, '2025-05-25', '2026-02-20', 49, 1);


INSERT INTO CultivoXInsumo (idCultivo, idInsumo, cantidad)
VALUES 
(1, 20, 9),
(2, 5, 4),
(3, 35, 2),
(4, 36, 6),
(5, 29, 9),
(6, 3, 6),
(7, 27, 12),
(8, 37, 6),
(9, 38, 6),
(10, 39, 15),
(11, 40, 4),
(12, 41, 6),
(13, 42, 13),
(14, 43, 2),
(15, 44, 14),
(16, 45, 3),
(17, 46, 12),
(18, 47, 2),
(19, 48, 4),
(20, 49, 16),
(21, 50, 5),
(22, 51, 7),
(23, 52, 4),
(24, 53, 7),
(25, 54, 7),
(26, 55, 4),
(27, 56, 6),
(28, 57, 3),
(29, 58, 3),
(30, 59, 12),
(31, 60, 4),
(32, 61, 7),
(33, 62, 2),
(34, 63, 2),
(35, 64, 6),
(36, 65, 5),
(37, 66, 10),
(38, 67, 5),
(39, 68, 5),
(40, 69, 30),
(41, 70, 10),
(42, 71, 15),
(43, 72, 8),
(44, 73, 5),
(45, 74, 8),
(46, 75, 10),
(47, 76, 6),
(48, 77, 8),
(49, 78, 9);

INSERT INTO RecintoXInsumo (idRecinto, idInsumo, cantidad) VALUES 
(1, 1, 5),
(2, 1, 5),
(8, 1, 7),
(9, 1, 8),
(10, 10, 5),
(10, 8, 10),
(3, 2, 5),
(3, 9, 10),
(4, 2, 5),
(4, 9, 10),
(11, 2, 5),
(11, 9, 10),
(12, 2, 5),
(12, 9, 10),
(13, 2, 5),
(13, 9, 10),
(5, 28, 5),
(14, 28, 5),
(15, 28, 3),
(6, 11, 5),
(7, 11, 5),
(16, 12, 3),
(17, 12, 4),
(18, 12, 5);

INSERT INTO Categoria (nombre) VALUES 
('Lácteos'),
('Carnes'),
('Granos'),
('Verduras'),
('Frutas');

INSERT INTO Producto (idCategoria, nombre, stock, precio) VALUES
(3, 'Trigo', 100, 2500),
(3, 'Maíz', 300, 3000),
(3, 'Soya', 150, 3500),
(3, 'Cebada', 120, 2000),
(3, 'Arroz', 200, 2000),
(3, 'Avena', 180, 2200),
(3, 'Algodón', 50, 4000),
(3, 'Girasol', 130, 2800),
(4, 'Papa', 500, 1800),
(4, 'Remolacha', 150, 2500),
(5, 'Café', 400, 6000),
(5, 'Té', 200, 4500),
(5, 'Cacao', 300, 5000),
(3, 'Frijol', 100, 3000),
(3, 'Maní', 80, 3200),
(3, 'Trigo Duro', 100, 2700),
(3, 'Mijo', 50, 2600),
(3, 'Sorgo', 70, 2400),
(3, 'Arroz de Riego', 150, 2200),
(3, 'Lenteja', 200, 2800),
(3, 'Chía', 60, 3400),
(3, 'Linaza', 70, 3600),
(3, 'Garbanzos', 120, 3000),
(4, 'Cebolla', 300, 1700),
(4, 'Ajo', 200, 3200),
(4, 'Zanahoria', 250, 1600),
(4, 'Tomate', 400, 1500),
(4, 'Pepino', 350, 1200),
(4, 'Pimiento', 300, 1400),
(4, 'Lechuga', 450, 1300),
(4, 'Espinaca', 300, 1600),
(4, 'Brócoli', 200, 2500),
(4, 'Coliflor', 180, 2300),
(4, 'Rábano', 150, 1800),
(4, 'Cilantro', 100, 1500),
(4, 'Perejil', 120, 1600),
(4, 'Albahaca', 80, 3000),
(4, 'Orégano', 70, 3200),
(4, 'Menta', 60, 3400),
(4, 'Romero', 90, 3100),
(4, 'Tomillo', 100, 2900),
(4, 'Lavanda', 110, 2700),
(4, 'Manzanilla', 90, 3500),
(4, 'Berenjena', 200, 2200),
(4, 'Calabaza', 180, 2500),
(5, 'Sandía', 150, 2400),
(5, 'Melón', 120, 2600),
(5, 'Uva', 100, 5000),
(1, 'Leche', 1000, 5000),
(2, 'Huevos', 500, 20000),
(5, 'Miel', 400, 1000);

INSERT INTO RecintoXProducto (idRecinto, idProducto, cantidad) VALUES 
(1, 1, 100),
(2, 1, 50),
(3, 2, 30),
(4, 2, 20),
(5, 5, 40);

INSERT INTO TipoTarea (nombre) VALUES
('Alimentar animales'),
('Recolectar Produccion Animal'),
('Regar Cultivos'),
('Control de plagas'),
('Recolectar Produccion Agricola'),
('Podar Árboles'),
('Fertilizar Cultivos'),
('Limpieza de Corrales'),
('Ordenar el Establo'),
('Sembrar Nuevos Cultivos'),
('Desinfectar Establos'),
('Trasladar Animales'),
('Limpieza de Canaletas de Riego'),
('Mantenimiento de Equipos Agrícolas'),
('Rotación de Pastizales'),
('Reparar Vallas y Cercas'),
('Mantener el Sistema de Riego'),
('Reparar Maquinaria'),
('Cosecha Manual'),
('Arar la Tierra'),
('Control de Maleza'),
('Vacunación de Animales'),
('Monitoreo de la Salud Animal'),
('Cultivo Hidropónico'),
('Control de Temperatura en Invernaderos'),
('Siembra Directa'),
('Manejo de Almacenamiento de Grano'),
('Control de Humedad en Cultivos'),
('Desbrozar Terreno'),
('Cargar y Descargar Productos'),
('Clasificar Productos Cosechados'),
('Preparar Terreno para Siembra'),
('Pastoreo Supervisado'),
('Reproducción Animal'),
('Mantenimiento de Invernaderos'),
('Limpieza de Equipos Agrícolas'),
('Distribución de Alimentos para Animales'),
('Supervisión de Trabajadores'),
('Control de Calidad en la Producción'),
('Instalación de Sistemas de Riego'),
('Monitoreo de Condiciones Climáticas'),
('Cuidado de Animales Recién Nacidos'),
('Planificación de Cosechas'),
('Optimización de Recursos Agrícolas'),
('Rotación de Cosechas'),
('Monitoreo de Plagas y Enfermedades'),
('Recolección de Semillas'),
('Venta y Distribución de Productos'),
('Capacitación de Personal'),
('Mantenimiento de Infraestructuras Agrícolas');

INSERT INTO Tarea (idTipoTarea, fechaInicio, fechaFin, descripcion, estado) VALUES
(1, '2024-10-01 08:00:00', '2024-10-01 10:00:00', 'Alimentar a los animales en el establo', 'Pendiente'),
(1, '2024-10-02 08:00:00', '2024-10-02 10:00:00', 'Alimentar a los animales en el Gallinero', 'Pendiente'),
(1, '2024-10-03 08:00:00', '2024-10-03 10:00:00', 'Alimentar a los animales en el establo', 'Terminada'),
(1, '2024-10-04 08:00:00', '2024-10-04 10:00:00', 'Alimentar a los animales en el Gallinero', 'Pendiente'),
(2, '2024-10-01 08:00:00', '2024-10-01 10:00:00', 'Recolectar Producción de los animales en el establo', 'Pendiente'),
(2, '2024-10-02 08:00:00', '2024-10-02 10:00:00', 'Recolectar huevos de las gallinas', 'Pendiente'),
(2, '2024-10-03 08:00:00', '2024-10-03 10:00:00', 'Recolectar leche de las vacas', 'Terminada'),
(2, '2024-10-04 08:00:00', '2024-10-04 10:00:00', 'Recolectar Producción de los animales en el establo', 'Pendiente'),
(3, '2024-10-05 08:00:00', '2024-10-05 12:00:00', 'Regar los cultivos de maíz', 'Pendiente'),
(3, '2024-10-06 08:00:00', '2024-10-06 12:00:00', 'Regar los cultivos de trigo', 'Pendiente'),
(3, '2024-10-07 08:00:00', '2024-10-07 12:00:00', 'Regar los cultivos de cebada', 'Pendiente'),
(3, '2024-10-08 08:00:00', '2024-10-08 12:00:00', 'Regar los cultivos de arroz', 'Terminada'),
(4, '2024-10-02 08:00:00', '2024-10-02 10:00:00', 'Revisar el estado de los cultivos de maíz', 'Pendiente'),
(4, '2024-10-03 08:00:00', '2024-10-03 10:00:00', 'Revisar el estado de los cultivos de trigo', 'Terminada'),
(4, '2024-10-04 08:00:00', '2024-10-04 10:00:00', 'Revisar el estado de los cultivos de cebada', 'Pendiente'),
(4, '2024-10-05 08:00:00', '2024-10-05 10:00:00', 'Revisar el estado de los cultivos de arroz', 'Pendiente'),
(5, '2024-10-06 08:00:00', '2024-10-06 13:00:00', 'Recolectar producción agrícola de maíz', 'Pendiente'),
(5, '2024-10-07 08:00:00', '2024-10-07 13:00:00', 'Recolectar producción agrícola de trigo', 'Pendiente'),
(5, '2024-10-08 08:00:00', '2024-10-08 13:00:00', 'Recolectar producción agrícola de cebada', 'Pendiente'),
(5, '2024-10-09 08:00:00', '2024-10-09 13:00:00', 'Recolectar producción agrícola de arroz', 'Pendiente'),
(6, '2024-10-10 08:00:00', '2024-10-10 11:00:00', 'Podar los árboles frutales', 'Pendiente'),
(6, '2024-10-11 08:00:00', '2024-10-11 11:00:00', 'Podar los árboles de olivo', 'Pendiente'),
(6, '2024-10-12 08:00:00', '2024-10-12 11:00:00', 'Podar los viñedos', 'Pendiente'),
(6, '2024-10-13 08:00:00', '2024-10-13 11:00:00', 'Podar los árboles de manzana', 'Terminada'),
(7, '2024-10-14 08:00:00', '2024-10-14 12:00:00', 'Fertilizar los cultivos de maíz', 'Pendiente'),
(7, '2024-10-15 08:00:00', '2024-10-15 12:00:00', 'Fertilizar los cultivos de trigo', 'Pendiente'),
(7, '2024-10-16 08:00:00', '2024-10-16 12:00:00', 'Fertilizar los cultivos de cebada', 'Pendiente'),
(7, '2024-10-17 08:00:00', '2024-10-17 12:00:00', 'Fertilizar los cultivos de arroz', 'Pendiente'),
(8, '2024-10-18 08:00:00', '2024-10-18 10:00:00', 'Limpieza de Gallinero', 'Pendiente'),
(8, '2024-10-19 08:00:00', '2024-10-19 10:00:00', 'Limpieza de establos', 'Terminada'),
(8, '2024-10-20 08:00:00', '2024-10-20 10:00:00', 'Limpieza de Gallinero', 'Pendiente'),
(8, '2024-10-21 08:00:00', '2024-10-21 10:00:00', 'Limpieza de establos', 'Pendiente'),
(9, '2024-10-22 08:00:00', '2024-10-22 09:30:00', 'Ordenar el establo', 'Pendiente'),
(9, '2024-10-23 08:00:00', '2024-10-23 09:30:00', 'Ordenar el Gallinero', 'Pendiente'),
(9, '2024-10-24 08:00:00', '2024-10-24 09:30:00', 'Ordenar el establo', 'Terminada'),
(9, '2024-10-25 08:00:00', '2024-10-25 09:30:00', 'Ordenar el Gallinero', 'Pendiente'),
(10, '2024-10-26 08:00:00', '2024-10-26 12:00:00', 'Sembrar nuevos cultivos de maíz', 'Pendiente'),
(10, '2024-10-27 08:00:00', '2024-10-27 12:00:00', 'Sembrar nuevos cultivos de trigo', 'Pendiente'),
(10, '2024-10-28 08:00:00', '2024-10-28 12:00:00', 'Sembrar nuevos cultivos de cebada', 'Terminada'),
(10, '2024-10-29 08:00:00', '2024-10-29 12:00:00', 'Sembrar nuevos cultivos de arroz', 'Pendiente');

INSERT INTO TareaXRecinto (idTarea, idRecinto) VALUES
(1,1),
(2,3),
(3,2),
(4,4),
(4,4);

INSERT INTO TipoAnimal (nombre) VALUES 
('Vaca'),
('Gallina'),
('Caballo'),
('Oveja'),
('Perro'),
('Cerdo');

INSERT INTO Animal (idTipoAnimal, idRecinto, estado, peso) VALUES
(1, 2, 'Sano', 450.00),
(2, 3, 'Sano', 1.50),
(3, 10, 'Enfermo', 300.00),
(4, 1, 'Sano', 70.00),
(5, NULL, 'Sano', 15.00),
(6, 6, 'Sano', 300.00),
(1, 2, 'Sano', 500.00),
(2, 3, 'Sano', 2.00),
(3, 10, 'Sano', 350.00),
(4, 1, 'Sano', 80.00),
(5, NULL, 'Sano', 16.00),
(6, 6, 'Sano', 300.00),
(1, 2, 'Sano', 470.00),
(2, 3, 'Sano', 1.80),
(3, 10, 'Sano', 320.00),
(4, 1, 'Sano', 75.00),
(5, NULL, 'Sano', 18.00),
(6, 6, 'Sano', 300.00),
(1, 2, 'Sano', 490.00),
(2, 3, 'Sano', 1.60),
(3, 10, 'Sano', 310.00),
(4, 1, 'Sano', 72.00),
(5, NULL, 'Sano', 17.00),
(6, 6, 'Sano', 300.00),
(1, 2, 'Sano', 510.00),
(2, 3, 'Sano', 1.55),
(3, 10, 'Sano', 340.00),
(4, 1, 'Sano', 78.00),
(5, NULL, 'Sano', 19.00),
(6, 6, 'Sano', 300.00),
(1, 2, 'Sano', 480.00),
(2, 3, 'Sano', 1.70),
(3, 10, 'Sano', 315.00),
(4, 1, 'Sano', 74.00),
(5, NULL, 'Sano', 15.50),
(6, 6, 'Sano', 300.00),
(1, 2, 'Sano', 495.00),
(2, 3, 'Sano', 1.65),
(3, 10, 'Sano', 330.00),
(4, 1, 'Sano', 79.00),
(5, NULL, 'Sano', 20.00),
(6, 6, 'Sano', 300.00),
(1, 2, 'Sano', 505.00),
(2, 3, 'Sano', 1.45),
(3, 10, 'Sano', 355.00),
(4, 1, 'Sano', 77.00),
(5, NULL, 'Sano', 21.00),
(6, 6, 'Sano', 300.00),
(1, 2, 'Enfermo', 430.00),
(2, 3, 'Sano', 1.50),
(3, 10, 'Sano', 310.00),
(4, 1, 'Sano', 73.00),
(5, NULL, 'Sano', 14.00),
(6, 6, 'Sano', 300.00),
(1, 2, 'Sano', 480.00),
(2, 3, 'Sano', 1.75),
(3, 10, 'Sano', 325.00),
(4, 1, 'Sano', 76.00),
(5, NULL, 'Sano', 17.50),
(6, 6, 'Sano', 300.00),
(1, 1, 'Sano', 450.00),
(1, 1, 'Sano', 500.00),
(1, 1, 'Sano', 470.00),
(1, 1, 'Sano', 490.00),
(1, 1, 'Sano', 510.00),
(1, 1, 'Sano', 480.00),
(1, 1, 'Sano', 495.00),
(1, 1, 'Sano', 505.00),
(1, 1, 'Enfermo', 460.00),
(1, 1, 'Sano', 480.00),
(1, 8, 'Sano', 450.00),
(1, 8, 'Sano', 500.00),
(1, 8, 'Sano', 470.00),
(1, 8, 'Sano', 490.00),
(1, 8, 'Sano', 510.00),
(1, 8, 'Sano', 480.00),
(1, 8, 'Sano', 495.00),
(1, 8, 'Sano', 505.00),
(1, 8, 'Sano', 460.00),
(1, 8, 'Sano', 480.00),
(4, 9, 'Sano', 450.00),
(4, 9, 'Sano', 500.00),
(4, 9, 'Sano', 470.00),
(4, 9, 'Sano', 490.00),
(4, 9, 'Sano', 510.00),
(4, 9, 'Sano', 480.00),
(4, 9, 'Sano', 495.00),
(4, 9, 'Sano', 505.00),
(2, 3, 'Sano', 480.00),
(2, 3, 'Sano', 450.00),
(2, 3, 'Sano', 500.00),
(2, 3, 'Sano', 470.00),
(2, 3, 'Sano', 490.00),
(2, 3, 'Sano', 510.00),
(2, 3, 'Sano', 480.00),
(2, 3, 'Sano', 495.00),
(2, 3, 'Enfermo', 260.00),
(2, 4, 'Sano', 350.00),
(2, 4, 'Sano', 320.00),
(2, 4, 'Sano', 310.00),
(2, 4, 'Sano', 340.00),
(2, 4, 'Sano', 315.00),
(2, 4, 'Sano', 330.00),
(2, 4, 'Sano', 355.00),
(2, 4, 'Sano', 310.00),
(2, 4, 'Sano', 325.00),
(2, 11, 'Sano', 340.00),
(2, 11, 'Sano', 315.00),
(2, 11, 'Sano', 330.00),
(2, 11, 'Sano', 355.00),
(2, 11, 'Sano', 310.00),
(2, 11, 'Sano', 325.00),
(2, 12, 'Sano', 340.00),
(2, 12, 'Sano', 315.00),
(2, 12, 'Sano', 330.00),
(2, 12, 'Sano', 355.00),
(2, 12, 'Sano', 310.00),
(2, 12, 'Sano', 325.00),
(2, 13, 'Sano', 340.00),
(2, 13, 'Sano', 315.00),
(2, 13, 'Sano', 330.00),
(2, 13, 'Sano', 355.00),
(2, 13, 'Sano', 310.00),
(2, 13, 'Sano', 325.00),
(6, 7, 'Sano', 300.00),
(6, 7, 'Sano', 325.00),
(6, 7, 'Sano', 320.00),
(6, 7, 'Sano', 350.00),
(6, 7, 'Sano', 360.00),
(6, 7, 'Sano', 280.00),
(6, 7, 'Sano', 300.00),
(6, 7, 'Sano', 350.00),
(6, 7, 'Sano', 340.00),
(6, 7, 'Sano', 350.00);

INSERT INTO ConsultaVeterinaria (idAnimal, fecha, costo, estado) VALUES 
(1, '2024-10-22 14:30:00', 100000, 'Realizada'),
(2, '2024-10-21 14:30:00', 100000, 'Realizada'),
(4, '2024-10-20 14:30:00', 100000, 'Realizada'),
(5, '2024-10-19 14:30:00', 100000, 'Realizada'),
(6, '2024-10-18 14:30:00', 100000, 'Realizada'),
(7, '2024-10-17 14:30:00', 100000, 'Realizada'),
(8, '2024-10-16 14:30:00', 100000, 'Realizada'),
(9, '2024-10-15 14:30:00', 100000, 'Realizada'),
(10, '2024-10-14 14:30:00', 100000, 'Realizada'),
(11, '2024-10-13 14:30:00', 100000, 'Realizada'),
(12, '2024-10-12 14:30:00', 100000, 'Realizada'),
(13, '2024-10-11 14:30:00', 100000, 'Realizada'),
(14, '2024-10-10 14:30:00', 100000, 'Realizada'),
(15, '2024-10-21 14:30:00', 100000, 'Realizada'),
(16, '2024-10-20 14:30:00', 100000, 'Realizada'),
(17, '2024-10-19 14:30:00', 100000, 'Realizada'),
(18, '2024-10-18 14:30:00', 100000, 'Realizada'),
(19, '2024-10-17 14:30:00', 100000, 'Realizada'),
(20, '2024-10-16 14:30:00', 100000, 'Realizada'),
(21, '2024-10-15 14:30:00', 100000, 'Realizada'),
(22, '2024-10-14 14:30:00', 100000, 'Realizada'),
(23, '2024-10-13 14:30:00', 100000, 'Realizada'),
(24, '2024-10-12 14:30:00', 100000, 'Realizada'),
(25, '2024-10-11 14:30:00', 100000, 'Realizada'),
(26, '2024-10-10 14:30:00', 100000, 'Realizada'),
(27, '2024-10-21 14:30:00', 100000, 'Realizada'),
(28, '2024-10-22 14:30:00', 100000, 'Realizada'),
(29, '2024-10-20 14:30:00', 100000, 'Realizada'),
(30, '2024-10-18 14:30:00', 100000, 'Realizada'),
(3, '2024-11-21 14:30:00', 120000, 'Por Realizar'),
(31, '2024-11-21 14:30:00', 120000, 'Por Realizar'),
(32, '2024-11-21 14:30:00', 120000, 'Por Realizar'),
(33, '2024-11-21 14:30:00', 120000, 'Por Realizar');


INSERT INTO Almacen (idZona, nombre) VALUES 
(1,"Almacen 1"),
(2,"Almacen 2"),
(3,"Almacen 3"),
(4,"Almacen 4"),
(5,"Almacen 5");

INSERT INTO TipoHerramienta (nombre) VALUES 
('Pala'),
('Rastrillo'),
('Carretilla'),
('Motosierra'),
('Desmalezadora');

INSERT INTO Herramienta (idTipoHerramienta) VALUES 
(1),
(2),
(3),
(4),
(5);

INSERT INTO AlmacenXHerramienta (idAlmacen,idHerramienta, stock) VALUES 
(1, 1, 10),
(2, 2, 15),
(3, 3, 5),
(4, 4, 2),
(5, 5, 8),
(1, 2, 10),
(2, 3, 15),
(3, 4, 5),
(4, 5, 2),
(5, 1, 8),
(1, 3, 10),
(2, 4, 15),
(3, 5, 5),
(4, 1, 2),
(5, 2, 8);

INSERT INTO TipoMaquinaria (nombre) VALUES 
('Tractor'),
('Cosechadora'),
('Cultivadora'),
('Remolque'),
('Desmalezadora');

INSERT INTO Maquinaria (nombre, idTipoMaquinaria, fechaAdquisicion, estado) VALUES 
('Tractor John Deere', 1, '2024-01-01', 'Disponible'),
('Cosechadora Case IH', 2, '2024-02-15', 'Disponible'),
('Cultivadora Massey Ferguson', 3, '2024-03-10', 'En Mantenimiento'),
('Remolque Kubota', 4, '2024-04-20', 'Disponible'),
('Desmalezadora Stihl', 5, '2024-05-05', 'Disponible');

INSERT INTO AlmacenXMaquinaria (idAlmacen, idMaquinaria) VALUES 
(1, 1),
(2, 2),
(3, 3),
(4, 4),
(5, 5);

INSERT INTO Cargo (nombre) VALUES 
('Encargado de animales'),
('Encargado de cultivos'),
('Veterinario'),
('Mecánico de maquinaria'),
('Administrador'),
('Capataz'),
('Contador'),
('Vendedor');

INSERT INTO Empleado (nombre, idCargo, fechaContratacion, salario) VALUES
('Juan Pérez', 1, '2023-01-15', 2000000),
('Ana Gómez', 2, '2023-02-20', 1800000),
('Carlos Martínez', 3, '2023-03-10', 2500000),
('Laura López', 4, '2023-04-05', 2200000),
('Nate Gentile', 6, '2023-04-05', 2200000),
('Pedro Ruiz', 5, '2023-05-15', 3000000),
('María Fernández', 2, '2023-06-01', 1900000),
('Jorge Ramírez', 1, '2023-06-10', 2100000),
('Sofía Méndez', 4, '2023-07-01', 2300000),
('Luis Ortega', 3, '2023-07-15', 2600000),
('Gabriela Sánchez', 5, '2023-08-01', 2900000),
('David Torres', 2, '2023-08-15', 1800000),
('Elena Castro', 1, '2023-09-01', 2000000),
('Hugo Morales', 3, '2023-09-10', 2400000),
('Isabel Ramos', 4, '2023-10-01', 2250000),
('Santiago Silva', 6, '2023-10-15', 2150000),
('Alejandra Castillo', 5, '2023-11-01', 3100000),
('Manuel Vega', 2, '2023-11-10', 1850000),
('Patricia Gómez', 1, '2023-12-01', 2050000),
('Mario Calderón', 3, '2023-12-15', 2550000),
('Luisa Acosta', 4, '2023-12-20', 2200000),
('Fernando Reyes', 5, '2024-01-05', 3200000),
('Andrea Duarte', 6, '2024-01-10', 2100000),
('Ricardo Pineda', 2, '2024-01-20', 1950000),
('Lucía Hernández', 1, '2024-02-01', 2000000),
('Tomás Cabrera', 3, '2024-02-15', 2450000),
('Camila Vargas', 4, '2024-02-20', 2300000),
('José Jiménez', 5, '2024-03-01', 3100000),
('Paola Flores', 2, '2024-03-15', 1800000),
('Enrique Guzmán', 1, '2024-04-01', 2100000),
('Carla Núñez', 3, '2024-04-10', 2500000),
('Miguel Serrano', 4, '2024-04-15', 2250000),
('Sara Medina', 6, '2024-05-01', 2150000),
('Daniela Romero', 5, '2024-05-10', 2950000),
('Cristian Peña', 2, '2024-06-01', 1900000),
('Esteban López', 1, '2024-06-15', 2050000),
('Verónica Vázquez', 3, '2024-07-01', 2600000),
('Julián Álvarez', 4, '2024-07-10', 2350000),
('Carmen Suárez', 5, '2024-07-20', 3050000),
('Sebastián Palacios', 6, '2024-08-01', 2200000),
('Marcos León', 2, '2024-08-10', 1850000),
('Antonia Reyes', 1, '2024-08-20', 2100000),
('Guillermo Rojas', 8, '2024-09-01', 2550000),
('Natalia Paredes', 8, '2024-09-10', 2250000),
('Julio Peralta', 8, '2024-09-20', 3150000),
('Beatriz Molina', 8, '2024-10-01', 1950000),
('Rodrigo Figueroa', 8, '2024-10-10', 2150000),
('Silvia Lara', 8, '2024-10-20', 2600000);

INSERT INTO Cliente (nombre, telefono) VALUES
('Claudia Rojas', '1234567891'),
('Miguel Rodríguez', '2345678912'),
('Sofía García', '3456789012'),
('Julio Fernández', '4567891230'),
('Luisa Morales', '5678901234'),
('Carlos Méndez', '6789012345'),
('Ana Torres', '7890123456'),
('Jorge González', '8901234567'),
('María López', '9012345678'),
('Pablo Suárez', '0123456789'),
('Fernanda Castillo', '1234567800'),
('José Ruiz', '2345678901'),
('Isabel Gutiérrez', '3456789011'),
('Gabriel Vargas', '4567890122'),
('Lucía Gómez', '5678901233'),
('Antonio Pérez', '6789012344'),
('Valeria Romero', '7890123455'),
('Felipe Ortega', '8901234566'),
('Natalia Medina', '9012345677'),
('Emilio Ramírez', '0123456788'),
('Cristina Martínez', '1234567899'),
('Diego Silva', '2345678910'),
('Lorena Jiménez', '3456789020'),
('Ricardo Hernández', '4567891231'),
('Susana Vega', '5678901241'),
('Javier Ramos', '6789012351'),
('Andrea León', '7890123461'),
('Mauricio Paredes', '8901234571'),
('Patricia Serrano', '9012345681'),
('Roberto Cruz', '0123456791'),
('Laura Vargas', '1234567811'),
('Enrique Castillo', '2345678913'),
('Elena Reyes', '3456789023'),
('Pedro Morales', '4567891243'),
('Carmen Fernández', '5678901253'),
('Daniel Martínez', '6789012363'),
('Monica Torres', '7890123473'),
('Víctor Gómez', '8901234583'),
('Silvia Flores', '9012345693'),
('Raúl Soto', '0123456702'),
('Gabriela Mendoza', '1234567822'),
('Tomás Aguirre', '2345678923'),
('Alejandra Peña', '3456789033'),
('Esteban Navarro', '4567891254'),
('Paola Guerrero', '5678901264'),
('Ignacio Vásquez', '6789012374'),
('Daniela Bustamante', '7890123484'),
('Julián Cárdenas', '8901234594'),
('Verónica Miranda', '9012345605'),
('Francisco Campos', '0123456715');

INSERT INTO Venta (idCliente, idEmpleado, fecha, total) VALUES
(1, 43, '2024-10-01 00:00:00', 25000.00),
(2, 44, '2024-10-02 00:00:00', 15000.00),
(3, 45, '2024-10-03 00:00:00', 87500.00),
(4, 46, '2024-10-04 00:00:00', 100000.00),
(5, 47, '2024-10-05 00:00:00', 120000.00),
(6, 48, '2024-10-06 00:00:00', 88000.00),
(7, 43, '2024-10-07 00:00:00', 60000.00),
(8, 44, '2024-10-08 00:00:00', 84000.00),
(9, 45, '2024-10-09 00:00:00', 36000.00),
(10, 46, '2024-10-10 00:00:00', 87500.00),
(11, 47, '2024-10-11 00:00:00', 72000.00),
(12, 48, '2024-10-12 00:00:00', 36000.00),
(13, 43, '2024-10-13 00:00:00', 90000.00),
(14, 44, '2024-10-14 00:00:00', 72000.00),
(15, 45, '2024-10-15 00:00:00', 144000.00),
(16, 46, '2024-10-16 00:00:00', 135000.00),
(17, 47, '2024-10-17 00:00:00', 156000.00),
(18, 48, '2024-10-18 00:00:00', 72000.00),
(19, 43, '2024-10-19 00:00:00', 44000.00),
(20, 44, '2024-10-20 00:00:00', 42000.00),
(21, 45, '2024-10-21 00:00:00', 119000.00),
(22, 46, '2024-10-22 00:00:00', 144000.00),
(23, 47, '2024-10-23 00:00:00', 66000.00),
(24, 48, '2024-10-24 00:00:00', 47600.00),
(25, 43, '2024-10-25 00:00:00', 57600.00),
(26, 44, '2024-10-26 00:00:00', 38400.00),
(27, 45, '2024-10-27 00:00:00', 67500.00),
(28, 46, '2024-10-28 00:00:00', 60000.00),
(29, 47, '2024-10-29 00:00:00', 84000.00),
(30, 48, '2024-10-30 00:00:00', 39000.00),
(31, 43, '2024-10-31 00:00:00', 32000.00),
(32, 44, '2024-11-01 00:00:00', 30000.00),
(33, 45, '2024-11-02 00:00:00', 34500.00),
(34, 46, '2024-11-03 00:00:00', 72000.00),
(35, 47, '2024-11-04 00:00:00', 45000.00),
(36, 48, '2024-11-05 00:00:00', 40000.00),
(37, 43, '2024-11-06 00:00:00', 54000.00),
(38, 44, '2024-11-07 00:00:00', 32000.00),
(39, 45, '2024-11-08 00:00:00', 17000.00),
(40, 46, '2024-11-09 00:00:00', 155000.00),
(41, 47, '2024-11-10 00:00:00', 174000.00),
(42, 48, '2024-11-11 00:00:00', 54000.00),
(43, 43, '2024-11-12 00:00:00', 42000.00),
(44, 44, '2024-11-13 00:00:00', 33000.00),
(45, 45, '2024-11-14 00:00:00', 75000.00),
(46, 46, '2024-11-15 00:00:00', 60000.00),
(47, 47, '2024-11-16 00:00:00', 104000.00),
(48, 48, '2024-11-17 00:00:00', 50000.00),
(49, 43, '2024-11-18 00:00:00', 25000.00),
(50, 44, '2024-11-19 00:00:00', 360000.00);

INSERT INTO Vacacion (idEmpleado, fechaInicio, fechaFin, estado) VALUES 
(1, '2024-10-01', '2024-10-08', "Disfrutada"),
(2, '2024-10-02', '2024-10-09', "Disfrutada"),
(3, '2024-10-03', '2024-10-10', "Disfrutada"),
(4, '2024-10-20', '2024-10-27', "Pendiente"),
(5, '2024-10-20', '2024-10-28', "Pendiente");

INSERT INTO ProductoXVenta (idVenta, idProducto, cantidad) VALUES 
(1, 1, 10),
(2, 2, 5),
(3, 3, 25),
(4, 4, 50),
(5, 5, 60),
(6, 6, 40),
(7, 7, 15),
(8, 8, 30),
(9, 9, 20),
(10, 10, 35),
(11, 11, 12),
(12, 12, 8),
(13, 13, 18),
(14, 14, 24),
(15, 15, 45),
(16, 16, 50),
(17, 17, 60),
(18, 18, 30),
(19, 19, 20),
(20, 20, 15),
(21, 21, 35),
(22, 22, 40),
(23, 23, 22),
(24, 24, 28),
(25, 25, 18),
(26, 26, 24),
(27, 27, 45),
(28, 28, 50),
(29, 29, 60),
(30, 30, 30),
(31, 31, 20),
(32, 32, 12),
(33, 33, 15),
(34, 34, 40),
(35, 35, 30),
(36, 36, 25),
(37, 37, 18),
(38, 38, 10),
(39, 39, 5),
(40, 40, 50),
(41, 41, 60),
(42, 42, 20),
(43, 43, 12),
(44, 44, 15),
(45, 45, 30),
(46, 46, 25),
(47, 47, 40),
(48, 48, 10),
(49, 49, 5),
(50, 50, 18);

INSERT INTO Horario (idDia, horainicio, horafin) VALUES
(1, '08:00:00', '12:00:00'),
(2, '09:00:00', '13:00:00'),
(3, '10:00:00', '14:00:00'),
(4, '11:00:00', '15:00:00'),
(5, '12:00:00', '16:00:00'),
(1, '12:00:00', '16:00:00'),
(2, '13:00:00', '17:00:00'),
(3, '14:00:00', '18:00:00'),
(4, '15:00:00', '19:00:00'),
(5, '16:00:00', '20:00:00');

INSERT INTO EmpleadoXHorario (idEmpleado, idHorario) VALUES
(1, 1), (1, 2), (1, 4),
(2, 2), (2, 3), (2, 5),
(3, 4), (3, 5), (3, 6),
(4, 7), (4, 8), (4, 9),
(5, 1), (5, 2), (5, 3),
(6, 6), (6, 7), (6, 8),
(7, 4), (7, 5), (7, 9),
(8, 1), (8, 2), (8, 5),
(9, 3), (9, 4), (9, 5),
(10, 6), (10, 7), (10, 8),
(11, 1), (11, 2), (11, 3),
(12, 4), (12, 5), (12, 9),
(13, 1), (13, 2), (13, 5),
(14, 3), (14, 4), (14, 5),
(15, 6), (15, 7), (15, 8),
(16, 1), (16, 2), (16, 3),
(17, 4), (17, 5), (17, 9),
(18, 6), (18, 7), (18, 8),
(19, 1), (19, 2), (19, 3),
(20, 4), (20, 5), (20, 9),
(21, 6), (21, 7), (21, 8),
(22, 1), (22, 2), (22, 3),
(23, 4), (23, 5), (23, 9),
(24, 6), (24, 7), (24, 8),
(25, 1), (25, 2), (25, 3),
(26, 4), (26, 5), (26, 9),
(27, 6), (27, 7), (27, 8),
(28, 1), (28, 2), (28, 3),
(29, 4), (29, 5), (29, 9),
(30, 6), (30, 7), (30, 8),
(31, 1), (31, 2), (31, 3),
(32, 4), (32, 5), (32, 9),
(33, 6), (33, 7), (33, 8),
(34, 1), (34, 2), (34, 3),
(35, 4), (35, 5), (35, 9),
(36, 6), (36, 7), (36, 8),
(37, 1), (37, 2), (37, 3),
(38, 4), (38, 5), (38, 9),
(39, 6), (39, 7), (39, 8),
(40, 1), (40, 2), (40, 3),
(41, 4), (41, 5), (41, 9),
(42, 6), (42, 7), (42, 8),
(43, 1), (43, 2), (43, 3),
(44, 4), (44, 5), (44, 9),
(45, 6), (45, 7), (45, 8),
(46, 1), (46, 2), (46, 3),
(47, 4), (47, 5), (47, 9),
(48, 6), (48, 7), (48, 8);

INSERT INTO EmpleadoXTarea (idEmpleado, idtarea) VALUES
(1, 0),
(8, 0),
(13, 0),
(19, 0),
(25, 0),
(30, 0),
(36, 0),
(42, 0);

INSERT INTO Mantenimiento (idMaquinaria, fecha, costo) VALUES
(1, '2024-10-01', 50000),
(2, '2024-10-02', 75000),
(3, '2024-10-03', 60000),
(4, '2024-10-04', 80000),
(5, '2024-10-05', 55000);

INSERT INTO TareaXCultivo (idTarea, idCultivo) VALUES
(9, 1),
(10, 2),
(11, 3),
(12, 4),
(13, 1),
(14, 2),
(15, 3),
(16, 4),
(17, 1),
(18, 2),
(19, 3),
(20, 4),
(25, 1),
(26, 2),
(27, 3),
(28, 4),
(37, 1),
(38, 2),
(39, 3),
(40, 4);

